<?xml version="1.0" encoding="UTF-8"?>
<folder exportedWithPermissions="true">
    <parent>/analysis</parent>
    <name>datasources</name>
    <label>Analysis Data Sources</label>
    <description>Data sources used by Analysis</description>
    <creationDate>2016-01-22T20:29:03.868+05:30</creationDate>
    <updateDate>2015-11-24T08:30:13.919+05:30</updateDate>
    <resource>FoodmartDataSource</resource>
    <resource>FoodmartDataSourceJNDI</resource>
    <resource>SugarCRMDataSource</resource>
    <resource>SugarCRMDataSourceJNDI</resource>
</folder>
