<?xml version="1.0" encoding="UTF-8"?>
<folder exportedWithPermissions="true">
    <parent>/analysis</parent>
    <name>schemas</name>
    <label>Analysis Schemas</label>
    <description>Schemas used by Analysis</description>
    <creationDate>2016-01-22T20:29:03.946+05:30</creationDate>
    <updateDate>2015-11-24T08:30:13.908+05:30</updateDate>
    <resource>FoodmartSchema</resource>
    <resource>FoodmartSchemaUpper</resource>
    <resource>SugarCRMSchema</resource>
    <resource>SugarCRMSchemaUpper</resource>
</folder>
