<?xml version="1.0" encoding="UTF-8"?>
<fileResource exportedWithPermissions="true" dataFile="FoodmartSchemaUpper.data">
    <folder>/analysis/schemas</folder>
    <name>FoodmartSchemaUpper</name>
    <version>0</version>
    <label>Foodmart Schema Uppercase</label>
    <description>Foodmart Analysis Schema Uppercase</description>
    <creationDate>2016-01-22T20:29:06.052+05:30</creationDate>
    <updateDate>2015-11-24T08:30:14.098+05:30</updateDate>
    <fileType>olapMondrianSchema</fileType>
</fileResource>
