<?xml version="1.0" encoding="UTF-8"?>
<fileResource exportedWithPermissions="true" dataFile="SugarCRMSchemaUpper.data">
    <folder>/analysis/schemas</folder>
    <name>SugarCRMSchemaUpper</name>
    <version>0</version>
    <label>SugarCRM Schema Uppercase</label>
    <description>SugarCRM Analysis Schema Upper Case</description>
    <creationDate>2016-01-22T20:29:06.122+05:30</creationDate>
    <updateDate>2015-11-24T08:30:14.149+05:30</updateDate>
    <fileType>olapMondrianSchema</fileType>
</fileResource>
