<?xml version="1.0" encoding="UTF-8"?>
<reportUnit exportedWithPermissions="true">
    <folder>/FI_Report</folder>
    <name>PurchaseReport</name>
    <version>5</version>
    <label>PurchaseReport</label>
    <description></description>
    <creationDate>2016-01-23T20:39:09.931+05:30</creationDate>
    <updateDate>2016-01-23T20:52:03.182+05:30</updateDate>
    <mainReport>
        <localResource
            xmlns:xsi="http://www.w3.org/2001/XMLSchema-instance"
            exportedWithPermissions="false" dataFile="main_jrxml.data" xsi:type="fileResource">
            <folder>/FI_Report/PurchaseReport_files</folder>
            <name>main_jrxml</name>
            <version>6</version>
            <label>Main jrxml</label>
            <creationDate>2016-01-23T20:39:09.931+05:30</creationDate>
            <updateDate>2016-01-23T20:52:03.084+05:30</updateDate>
            <fileType>jrxml</fileType>
        </localResource>
    </mainReport>
    <query>
        <localResource
            xmlns:xsi="http://www.w3.org/2001/XMLSchema-instance"
            exportedWithPermissions="false" xsi:type="query">
            <folder>/FI_Report/PurchaseReport_files</folder>
            <name>PurchaseDetQry</name>
            <version>0</version>
            <label>PurchaseDetQry</label>
            <description></description>
            <creationDate>2016-01-23T20:41:00.025+05:30</creationDate>
            <updateDate>2016-01-23T20:41:00.025+05:30</updateDate>
            <language>sql</language>
            <queryString>SELECT row_number() OVER (ORDER BY product_name) as SL_NO,product_name as ProductName,(select code as GroupCode from product_group_map where id=pm.group_id),cast(purchase_date as date) as PurchaseDate,gown,round(weight,2) as Weight,round(quantity,2) as Quantity,round(amount,2) as Amount,round(vat,2) as VAT,(select branch_name from branch where id=pd.branch_id),k_and_p FROM product_details pd,product_master pm where pd.product_master_id=pm.id and cast(purchase_date as date)&gt;=$P{FromDate} and cast(purchase_date as date)&lt;=$P{ToDate};</queryString>
            <dataSource>
                <uri>/datasources/imsdb</uri>
            </dataSource>
        </localResource>
    </query>
    <dataSource>
        <uri>/datasources/imsdb</uri>
    </dataSource>
    <inputControl>
        <localResource
            xmlns:xsi="http://www.w3.org/2001/XMLSchema-instance"
            exportedWithPermissions="false" xsi:type="inputControl">
            <folder>/FI_Report/PurchaseReport_files</folder>
            <name>FromDate</name>
            <version>5</version>
            <label>FromDate</label>
            <creationDate>2016-01-23T20:39:09.931+05:30</creationDate>
            <updateDate>2016-01-23T20:39:09.931+05:30</updateDate>
            <type>2</type>
            <mandatory>false</mandatory>
            <readOnly>false</readOnly>
            <visible>true</visible>
            <dataType>
                <localResource exportedWithPermissions="false" xsi:type="dataType">
                    <folder>/FI_Report/PurchaseReport_files/FromDate_files</folder>
                    <name>myDatatype</name>
                    <version>0</version>
                    <label>myDatatype</label>
                    <creationDate>2016-01-23T20:39:09.931+05:30</creationDate>
                    <updateDate>2016-01-23T20:39:09.931+05:30</updateDate>
                    <type>3</type>
                    <strictMin>false</strictMin>
                    <strictMax>false</strictMax>
                </localResource>
            </dataType>
        </localResource>
    </inputControl>
    <inputControl>
        <localResource
            xmlns:xsi="http://www.w3.org/2001/XMLSchema-instance"
            exportedWithPermissions="false" xsi:type="inputControl">
            <folder>/FI_Report/PurchaseReport_files</folder>
            <name>ToDate</name>
            <version>5</version>
            <label>ToDate</label>
            <creationDate>2016-01-23T20:39:09.931+05:30</creationDate>
            <updateDate>2016-01-23T20:39:09.931+05:30</updateDate>
            <type>2</type>
            <mandatory>false</mandatory>
            <readOnly>false</readOnly>
            <visible>true</visible>
            <dataType>
                <localResource exportedWithPermissions="false" xsi:type="dataType">
                    <folder>/FI_Report/PurchaseReport_files/ToDate_files</folder>
                    <name>myDatatype</name>
                    <version>0</version>
                    <label>myDatatype</label>
                    <creationDate>2016-01-23T20:39:09.931+05:30</creationDate>
                    <updateDate>2016-01-23T20:39:09.931+05:30</updateDate>
                    <type>3</type>
                    <strictMin>false</strictMin>
                    <strictMax>false</strictMax>
                </localResource>
            </dataType>
        </localResource>
    </inputControl>
    <inputControlRenderingView></inputControlRenderingView>
    <reportRenderingView></reportRenderingView>
    <alwaysPromptControls>true</alwaysPromptControls>
    <controlsLayout>1</controlsLayout>
</reportUnit>
