<?xml version="1.0" encoding="UTF-8"?>
<reportUnit exportedWithPermissions="true">
    <folder>/FI_Report</folder>
    <name>SalesReport</name>
    <version>15</version>
    <label>SalesReport</label>
    <description></description>
    <creationDate>2016-01-23T19:34:34.355+05:30</creationDate>
    <updateDate>2016-01-23T20:52:16.320+05:30</updateDate>
    <mainReport>
        <localResource
            xmlns:xsi="http://www.w3.org/2001/XMLSchema-instance"
            exportedWithPermissions="false" dataFile="main_jrxml.data" xsi:type="fileResource">
            <folder>/FI_Report/SalesReport_files</folder>
            <name>main_jrxml</name>
            <version>27</version>
            <label>Main jrxml</label>
            <creationDate>2016-01-23T19:34:34.355+05:30</creationDate>
            <updateDate>2016-01-23T20:52:16.175+05:30</updateDate>
            <fileType>jrxml</fileType>
        </localResource>
    </mainReport>
    <query>
        <localResource
            xmlns:xsi="http://www.w3.org/2001/XMLSchema-instance"
            exportedWithPermissions="false" xsi:type="query">
            <folder>/FI_Report/SalesReport_files</folder>
            <name>SalesRptQry</name>
            <version>0</version>
            <label>SalesRptQry</label>
            <description></description>
            <creationDate>2016-01-23T19:36:26.466+05:30</creationDate>
            <updateDate>2016-01-23T19:36:26.466+05:30</updateDate>
            <language>sql</language>
            <queryString>SELECT row_number() OVER (ORDER BY id) as SLNO,bill_no as BillNo,cast(bill_date as date) as BillDate,round(total_amount_without_vat,2) as GrossTotal,round(total_vat_amount,2) as VAT,round(discount_amount,2) as Discount,round(total_amount_with_vat,2) as NetAmount, 
       (select branch_name from branch where id=braanch_id),(select first_name||' '||last_name as sales_by from user_master where id=user_id), 
       (select customer_name from customer where id=customer_id)
  FROM public.sales_master;</queryString>
            <dataSource>
                <uri>/datasources/imsdb</uri>
            </dataSource>
        </localResource>
    </query>
    <dataSource>
        <uri>/datasources/imsdb</uri>
    </dataSource>
    <inputControl>
        <localResource
            xmlns:xsi="http://www.w3.org/2001/XMLSchema-instance"
            exportedWithPermissions="false" xsi:type="inputControl">
            <folder>/FI_Report/SalesReport_files</folder>
            <name>FromDate</name>
            <version>15</version>
            <label>FromDate</label>
            <creationDate>2016-01-23T19:34:34.355+05:30</creationDate>
            <updateDate>2016-01-23T19:34:34.355+05:30</updateDate>
            <type>2</type>
            <mandatory>false</mandatory>
            <readOnly>false</readOnly>
            <visible>true</visible>
            <dataType>
                <localResource exportedWithPermissions="false" xsi:type="dataType">
                    <folder>/FI_Report/SalesReport_files/FromDate_files</folder>
                    <name>myDatatype</name>
                    <version>0</version>
                    <label>myDatatype</label>
                    <creationDate>2016-01-23T19:34:34.355+05:30</creationDate>
                    <updateDate>2016-01-23T19:34:34.355+05:30</updateDate>
                    <type>3</type>
                    <strictMin>false</strictMin>
                    <strictMax>false</strictMax>
                </localResource>
            </dataType>
        </localResource>
    </inputControl>
    <inputControl>
        <localResource
            xmlns:xsi="http://www.w3.org/2001/XMLSchema-instance"
            exportedWithPermissions="false" xsi:type="inputControl">
            <folder>/FI_Report/SalesReport_files</folder>
            <name>ToDate</name>
            <version>15</version>
            <label>ToDate</label>
            <creationDate>2016-01-23T19:34:34.355+05:30</creationDate>
            <updateDate>2016-01-23T19:34:34.355+05:30</updateDate>
            <type>2</type>
            <mandatory>false</mandatory>
            <readOnly>false</readOnly>
            <visible>true</visible>
            <dataType>
                <localResource exportedWithPermissions="false" xsi:type="dataType">
                    <folder>/FI_Report/SalesReport_files/ToDate_files</folder>
                    <name>myDatatype</name>
                    <version>0</version>
                    <label>myDatatype</label>
                    <creationDate>2016-01-23T19:34:34.355+05:30</creationDate>
                    <updateDate>2016-01-23T19:34:34.355+05:30</updateDate>
                    <type>3</type>
                    <strictMin>false</strictMin>
                    <strictMax>false</strictMax>
                </localResource>
            </dataType>
        </localResource>
    </inputControl>
    <inputControlRenderingView></inputControlRenderingView>
    <reportRenderingView></reportRenderingView>
    <alwaysPromptControls>true</alwaysPromptControls>
    <controlsLayout>1</controlsLayout>
</reportUnit>
