<?xml version="1.0" encoding="UTF-8"?>
<folder exportedWithPermissions="true">
    <name>/</name>
    <label>root</label>
    <description>Root of the folder hierarchy</description>
    <creationDate>2016-01-22T20:29:03.212+05:30</creationDate>
    <updateDate>2015-11-24T08:29:44.067+05:30</updateDate>
    <folder>analysis</folder>
    <folder>ContentFiles</folder>
    <folder>datasources</folder>
    <folder>FI_Report</folder>
    <folder>images</folder>
    <folder>InputControl</folder>
    <folder>reports</folder>
    <folder>themes</folder>
    <permission>
        <permissionMask>1</permissionMask>
        <recipient recipientType="role">ROLE_ADMINISTRATOR</recipient>
    </permission>
    <permission>
        <permissionMask>2</permissionMask>
        <recipient recipientType="role">ROLE_USER</recipient>
    </permission>
</folder>
