<?xml version="1.0" encoding="UTF-8"?>
<folder exportedWithPermissions="true">
    <parent>/themes/default</parent>
    <name>common</name>
    <label>common</label>
    <creationDate>2016-01-22T20:29:04.540+05:30</creationDate>
    <updateDate>2015-11-24T08:29:45.853+05:30</updateDate>
    <resource>base.css</resource>
    <resource>controls.css</resource>
    <resource>dialog.css</resource>
    <resource>js_reset.css</resource>
    <resource>layout.css</resource>
    <resource>modules.css</resource>
    <resource>state.css</resource>
    <resource>utility.css</resource>
</folder>
