<?xml version="1.0" encoding="UTF-8"?>
<inputControl exportedWithPermissions="true">
    <folder>/InputControl</folder>
    <name>FromDate</name>
    <version>0</version>
    <label>FromDate</label>
    <description></description>
    <creationDate>2016-01-22T23:20:49.651+05:30</creationDate>
    <updateDate>2016-01-22T23:20:49.651+05:30</updateDate>
    <type>2</type>
    <mandatory>true</mandatory>
    <readOnly>false</readOnly>
    <visible>true</visible>
    <dataType>
        <localResource
            xmlns:xsi="http://www.w3.org/2001/XMLSchema-instance"
            exportedWithPermissions="false" xsi:type="dataType">
            <folder>/InputControl/FromDate_files</folder>
            <name>FromDate</name>
            <version>0</version>
            <label>FromDate</label>
            <description></description>
            <creationDate>2016-01-22T23:20:49.651+05:30</creationDate>
            <updateDate>2016-01-22T23:20:49.651+05:30</updateDate>
            <type>3</type>
            <strictMin>false</strictMin>
            <strictMax>false</strictMax>
        </localResource>
    </dataType>
</inputControl>
