<?xml version="1.0" encoding="UTF-8"?>
<mondrianXmlaDefinition exportedWithPermissions="true">
    <folder>/analysis/xmla/definitions</folder>
    <name>FoodmartXmlaDefinition</name>
    <version>0</version>
    <label>Foodmart Mondrian XMLA definition</label>
    <description>Foodmart Mondrian XMLA definition</description>
    <creationDate>2016-01-22T20:29:08.424+05:30</creationDate>
    <updateDate>2015-11-24T08:30:14.787+05:30</updateDate>
    <catalog>Foodmart</catalog>
    <mondrianConnection>
        <uri>/analysis/connections/Foodmart</uri>
    </mondrianConnection>
</mondrianXmlaDefinition>
