<?xml version="1.0" encoding="UTF-8"?>
<mondrianXmlaDefinition exportedWithPermissions="true">
    <folder>/analysis/xmla/definitions</folder>
    <name>SugarCRMXmlaDefinition</name>
    <version>0</version>
    <label>SugarCRM Mondrian XMLA definition</label>
    <description>SugarCRM Mondrian XMLA definition</description>
    <creationDate>2016-01-22T20:29:08.477+05:30</creationDate>
    <updateDate>2015-11-24T08:30:14.849+05:30</updateDate>
    <catalog>SugarCRM</catalog>
    <mondrianConnection>
        <uri>/analysis/connections/SugarCRM</uri>
    </mondrianConnection>
</mondrianXmlaDefinition>
