<?xml version="1.0" encoding="UTF-8"?>
<jdbcDataSource exportedWithPermissions="true">
    <folder>/datasources</folder>
    <name>imsdb</name>
    <version>0</version>
    <label>imsdb</label>
    <creationDate>2016-01-22T20:48:51.611+05:30</creationDate>
    <updateDate>2016-01-22T20:48:51.611+05:30</updateDate>
    <driver>org.postgresql.Driver</driver>
    <connectionUrl>jdbc:postgresql://localhost:5432/ims</connectionUrl>
    <connectionUser>postgres</connectionUser>
    <connectionPassword>ENC&lt;D08EAE9592B98BD114AC0BBB91F8A8F6&gt;</connectionPassword>
    <timezone></timezone>
</jdbcDataSource>
